{
  "indexes": [
    {
      "collectionGroup": "forms",
      "queryScope": "COLLECTION",
      "fields": [
        { "fieldPath": "userId", "order": "ASCENDING" },
        { "fieldPath": "createdAt", "order": "DESCENDING" }
      ]
    },
    {
      "collectionGroup": "verifiedDomains",
      "queryScope": "COLLECTION",
      "fields": [
        { "fieldPath": "userId", "order": "ASCENDING" },
        { "fieldPath": "verified", "order": "ASCENDING" }
      ]
    },
    {
      "collectionGroup": "verifiedDomains",
      "queryScope": "COLLECTION",
      "fields": [
        { "fieldPath": "userId", "order": "ASCENDING" },
        { "fieldPath": "domain", "order": "ASCENDING" }
      ]
    }
  ],
  "fieldOverrides": []
}
